{
  "0": {
    "precision": 0.8787878787878788,
    "recall": 0.8529411764705882,
    "f1-score": 0.8656716417910447,
    "support": 102.0
  },
  "1": {
    "precision": 0.8584905660377359,
    "recall": 0.883495145631068,
    "f1-score": 0.8708133971291866,
    "support": 103.0
  },
  "accuracy": 0.8682926829268293,
  "macro avg": {
    "precision": 0.8686392224128073,
    "recall": 0.8682181610508282,
    "f1-score": 0.8682425194601157,
    "support": 205.0
  },
  "weighted avg": {
    "precision": 0.8685897167719534,
    "recall": 0.8682926829268293,
    "f1-score": 0.8682550603267941,
    "support": 205.0
  }
}