{
  "0": {
    "precision": 0.8737864077669902,
    "recall": 0.8823529411764706,
    "f1-score": 0.8780487804878049,
    "support": 102.0
  },
  "1": {
    "precision": 0.8823529411764706,
    "recall": 0.8737864077669902,
    "f1-score": 0.8780487804878049,
    "support": 103.0
  },
  "accuracy": 0.8780487804878049,
  "macro avg": {
    "precision": 0.8780696744717305,
    "recall": 0.8780696744717305,
    "f1-score": 0.8780487804878049,
    "support": 205.0
  },
  "weighted avg": {
    "precision": 0.8780905684556559,
    "recall": 0.8780487804878049,
    "f1-score": 0.8780487804878049,
    "support": 205.0
  }
}