{
  "0": {
    "precision": 0.8490566037735849,
    "recall": 0.8823529411764706,
    "f1-score": 0.8653846153846154,
    "support": 102.0
  },
  "1": {
    "precision": 0.8787878787878788,
    "recall": 0.8446601941747572,
    "f1-score": 0.8613861386138614,
    "support": 103.0
  },
  "accuracy": 0.8634146341463415,
  "macro avg": {
    "precision": 0.8639222412807319,
    "recall": 0.863506567675614,
    "f1-score": 0.8633853769992383,
    "support": 205.0
  },
  "weighted avg": {
    "precision": 0.8639947565856448,
    "recall": 0.8634146341463415,
    "f1-score": 0.8633756246168707,
    "support": 205.0
  }
}