{
  "0": {
    "precision": 0.8584905660377359,
    "recall": 0.8921568627450981,
    "f1-score": 0.875,
    "support": 102.0
  },
  "1": {
    "precision": 0.8888888888888888,
    "recall": 0.8543689320388349,
    "f1-score": 0.8712871287128713,
    "support": 103.0
  },
  "accuracy": 0.8731707317073171,
  "macro avg": {
    "precision": 0.8736897274633124,
    "recall": 0.8732628973919665,
    "f1-score": 0.8731435643564356,
    "support": 205.0
  },
  "weighted avg": {
    "precision": 0.8737638697141689,
    "recall": 0.8731707317073171,
    "f1-score": 0.8731345085728086,
    "support": 205.0
  }
}