{
  "0": {
    "precision": 0.8504672897196262,
    "recall": 0.8921568627450981,
    "f1-score": 0.8708133971291866,
    "support": 102.0
  },
  "1": {
    "precision": 0.8877551020408163,
    "recall": 0.8446601941747572,
    "f1-score": 0.8656716417910447,
    "support": 103.0
  },
  "accuracy": 0.8682926829268293,
  "macro avg": {
    "precision": 0.8691111958802212,
    "recall": 0.8684085284599277,
    "f1-score": 0.8682425194601157,
    "support": 205.0
  },
  "weighted avg": {
    "precision": 0.8692021417639314,
    "recall": 0.8682926829268293,
    "f1-score": 0.8682299785934372,
    "support": 205.0
  }
}