{
  "0": {
    "precision": 0.8627450980392157,
    "recall": 0.8627450980392157,
    "f1-score": 0.8627450980392157,
    "support": 102.0
  },
  "1": {
    "precision": 0.8640776699029126,
    "recall": 0.8640776699029126,
    "f1-score": 0.8640776699029126,
    "support": 103.0
  },
  "accuracy": 0.8634146341463415,
  "macro avg": {
    "precision": 0.8634113839710642,
    "recall": 0.8634113839710642,
    "f1-score": 0.8634113839710642,
    "support": 205.0
  },
  "weighted avg": {
    "precision": 0.8634146341463415,
    "recall": 0.8634146341463415,
    "f1-score": 0.8634146341463415,
    "support": 205.0
  }
}